ROC-AUC,PR-AUC,BrierScore,ECE,Accuracy,Sensitivity,Specificity,FalsePositiveRate,Total_Samples,Positive_Samples,Prevalence,Model,Severity_Tier,Cohort
0.7314585664262836,0.8028429203897429,0.24735927171277142,0.21218665675501452,0.608951355661882,0.45509844725468224,0.8628797886393659,0.13712021136063407,10032,6247,0.622707336523126,LogisticRegression,Severe OSA (Class A),Apnea-ECG (Development)
0.759239848601569,0.8039762320338959,0.24396515151515152,0.22205342902711322,0.6368620414673046,0.5247318712982232,0.8219286657859973,0.17807133421400265,10032,6247,0.622707336523126,RandomForest,Severe OSA (Class A),Apnea-ECG (Development)
0.7537336917757511,0.8097044920400926,0.23999926058511153,0.20097348760704875,0.6491228070175439,0.5564270850008004,0.8021136063408191,0.19788639365918098,10032,6247,0.622707336523126,SVM,Severe OSA (Class A),Apnea-ECG (Development)
0.7670116318977099,0.8136914189913848,0.23620763737785982,0.22160788694329958,0.6550039872408293,0.5532255482631663,0.8229854689564069,0.17701453104359313,10032,6247,0.622707336523126,XGBoost,Severe OSA (Class A),Apnea-ECG (Development)
0.7669168122759691,0.8176380568229006,0.23895542506563422,0.21975689339399165,0.652811004784689,0.5535457019369298,0.8166446499339498,0.1833553500660502,10032,6247,0.622707336523126,LightGBM,Severe OSA (Class A),Apnea-ECG (Development)
0.7710260502319846,0.8266595578618975,0.25058098642956744,0.23133905383659212,0.636762360446571,0.5176884904754282,0.8332892998678996,0.1667107001321004,10032,6247,0.622707336523126,TabPFN,Severe OSA (Class A),Apnea-ECG (Development)
0.7959648023031738,0.3030651883924338,0.16325482923663046,0.2523532454498561,0.7846287451150673,0.7301587301587301,0.7913213066796685,0.20867869332033154,2303,252,0.1094224924012158,LogisticRegression,Borderline/Mild (Class B),Apnea-ECG (Development)
0.8252323682601597,0.3714753380294827,0.17309939209726444,0.2573990447242727,0.7333912288319583,0.7698412698412699,0.7289127254997562,0.2710872745002438,2303,252,0.1094224924012158,RandomForest,Borderline/Mild (Class B),Apnea-ECG (Development)
0.8640781113355468,0.5040297842161898,0.16380503681215852,0.262139774030853,0.7646547980894486,0.8134920634920635,0.7586543149683082,0.24134568503169185,2303,252,0.1094224924012158,SVM,Borderline/Mild (Class B),Apnea-ECG (Development)
0.8345358052208369,0.40582268298610974,0.1740712943544385,0.2712047746319274,0.7164567954841511,0.8214285714285714,0.7035592393954169,0.29644076060458313,2303,252,0.1094224924012158,XGBoost,Borderline/Mild (Class B),Apnea-ECG (Development)
0.8372745002437836,0.37743608954036745,0.16798551770313372,0.2532944041583486,0.734259661311333,0.8373015873015873,0.7215992198927352,0.27840078010726477,2303,252,0.1094224924012158,LightGBM,Borderline/Mild (Class B),Apnea-ECG (Development)
0.8246790183650251,0.3192030753829844,0.1761181700850634,0.2462128555756309,0.739036039947894,0.7857142857142857,0.7333008288639687,0.2666991711360312,2303,252,0.1094224924012158,TabPFN,Borderline/Mild (Class B),Apnea-ECG (Development)
0.6585618656877564,0.004949009117673854,0.1646471954027848,0.3510893638313937,0.8024164889836531,0.2727272727272727,0.8038004750593825,0.19619952494061757,4221,11,0.002606017531390666,LogisticRegression,Normal Control (Class C),Apnea-ECG (Development)
0.6016303174260419,0.003497993409620833,0.18243120391873788,0.33348882947319336,0.7239990523572614,0.2727272727272727,0.7251781472684086,0.27482185273159143,4221,11,0.002606017531390666,RandomForest,Normal Control (Class C),Apnea-ECG (Development)
0.611919671777154,0.004269688380973869,0.17848248212461593,0.3383310942219242,0.7334754797441365,0.45454545454545453,0.7342042755344418,0.2657957244655582,4221,11,0.002606017531390666,SVM,Normal Control (Class C),Apnea-ECG (Development)
0.604372705679119,0.003863709546340267,0.18396476063713352,0.3565426407888482,0.7095475005922767,0.45454545454545453,0.7102137767220903,0.28978622327790976,4221,11,0.002606017531390666,XGBoost,Normal Control (Class C),Apnea-ECG (Development)
0.6127402288922479,0.003718524978083838,0.18197537381569148,0.32925295240544594,0.7258943378346363,0.45454545454545453,0.726603325415677,0.27339667458432304,4221,11,0.002606017531390666,LightGBM,Normal Control (Class C),Apnea-ECG (Development)
0.5856618440941481,0.0035259284658894813,0.181322881887957,0.3041853301552647,0.7273158019426677,0.2727272727272727,0.7285035629453682,0.27149643705463183,4221,11,0.002606017531390666,TabPFN,Normal Control (Class C),Apnea-ECG (Development)
