Target_Cohort,Evaluation_Scope,Model,Condition,Context_N,N_Test_Subjects,N_Test_Epochs,Original_ROC_AUC,Clustered_ROC_AUC_CI_lower,Clustered_ROC_AUC_CI_upper,Original_PR_AUC,Clustered_PR_AUC_CI_lower,Clustered_PR_AUC_CI_upper,Original_Brier_Score,Clustered_Brier_CI_lower,Clustered_Brier_CI_upper,Bootstrap_Valid_Iterations,Bootstrap_Invalid_Iterations,Uncertainty_Status
UCDDB,Common Held-Out Eval Subset,TabPFN,zero_shot,0,6,2495,0.6948930852865267,0.4998780947516783,0.8486673381026051,0.4944036245118041,0.13469765410863693,0.8219801067532142,0.2173585025016693,0.12718373827786678,0.3105045594604478,1000,0,Patient-clustered 95% CI (6 clusters)
UCDDB,Common Held-Out Eval Subset,LightGBM,zero_shot,0,6,2495,0.7065137103084236,0.4921124138956493,0.8670527749875664,0.5151000609705434,0.13684244530772233,0.8321702879289358,0.201316337879666,0.12283005076627958,0.28326900496953933,1000,0,Patient-clustered 95% CI (6 clusters)
UCDDB,Common Held-Out Eval Subset,RandomForest,zero_shot,0,6,2495,0.6818050105688493,0.5002768618225125,0.829058961912687,0.4939371951222376,0.1323502312234407,0.8070949939452738,0.2100580761523046,0.13283720552396427,0.28348588857259044,1000,0,Patient-clustered 95% CI (6 clusters)
UCDDB,Common Held-Out Eval Subset,SVM,zero_shot,0,6,2495,0.6590681165259432,0.47359772609992923,0.8246916240097185,0.4648532832281851,0.13629432942726574,0.8089519951100164,0.2162825780833564,0.1405270934987435,0.28566088126874656,1000,0,Patient-clustered 95% CI (6 clusters)
UCDDB,Common Held-Out Eval Subset,LogisticRegression,zero_shot,0,6,2495,0.6728320720783847,0.5300000898206282,0.794889299595408,0.4627014454598439,0.1449033454338245,0.7458920086253461,0.2088443724715026,0.12424820964096889,0.28606750229506167,1000,0,Patient-clustered 95% CI (6 clusters)
UCDDB,Common Held-Out Eval Subset,XGBoost,zero_shot,0,6,2495,0.7137706705672144,0.5268613387144363,0.8589028425275064,0.5101117325567561,0.1478522942014604,0.8281564949314901,0.1966781996778186,0.11889079938084585,0.2714310976348995,1000,0,Patient-clustered 95% CI (6 clusters)
UCDDB,Common Held-Out Eval Subset,TabPFN (N=50),few_shot,50,6,2495,0.6851066811477421,0.3836501901140684,0.8607495979510393,0.5307088194948875,0.1058933600043385,0.8283182687577555,0.207012751171862,0.13036160901405944,0.28593738771197474,1000,0,Patient-clustered 95% CI (6 clusters)
UCDDB,Common Held-Out Eval Subset,TabPFN (N=100),few_shot,100,6,2495,0.5717813182449871,0.3524087358819233,0.7495525495899833,0.3432791719340935,0.09559026057167928,0.7040766099199156,0.2370333241878104,0.14136178265763727,0.3360668263944222,1000,0,Patient-clustered 95% CI (6 clusters)
Apnea-ECG,Common Held-Out Eval Subset,TabPFN,zero_shot,0,33,16067,0.5839864815329735,0.47782764927361693,0.6828587542960138,0.4237622901066736,0.2630886833366645,0.5949368362139055,0.2841895457375713,0.23452622153331373,0.3409362478728221,1000,0,Patient-clustered 95% CI (33 clusters)
Apnea-ECG,Common Held-Out Eval Subset,LightGBM,zero_shot,0,33,16067,0.5734540994282324,0.46717677081379955,0.6765174686858646,0.4051748188214384,0.25467021236646914,0.5832555216876576,0.2883040131516019,0.2353096866616785,0.3443034827330216,1000,0,Patient-clustered 95% CI (33 clusters)
Apnea-ECG,Common Held-Out Eval Subset,RandomForest,zero_shot,0,33,16067,0.5659325285305834,0.4615961670011086,0.6652485418275125,0.4164880152170382,0.26011464518638694,0.5890266138375191,0.2811317856476007,0.2337594343491415,0.33417359845284467,1000,0,Patient-clustered 95% CI (33 clusters)
Apnea-ECG,Common Held-Out Eval Subset,SVM,zero_shot,0,33,16067,0.5790848814162027,0.46867411104693957,0.6779325826498134,0.4535341695970748,0.2823338978154031,0.6359900730313364,0.2601623549447688,0.2158566553279412,0.30775702476829725,1000,0,Patient-clustered 95% CI (33 clusters)
Apnea-ECG,Common Held-Out Eval Subset,LogisticRegression,zero_shot,0,33,16067,0.6917312990026268,0.6030415451547939,0.7769403340117584,0.4771980415133378,0.32021562336517734,0.6472024128518937,0.2338638105896501,0.195531236528889,0.27429904077854833,1000,0,Patient-clustered 95% CI (33 clusters)
Apnea-ECG,Common Held-Out Eval Subset,XGBoost,zero_shot,0,33,16067,0.5810441278746061,0.47116766628775125,0.6860778402269138,0.4195274350372872,0.26044437244861074,0.6014026361281841,0.2671706964797173,0.21962837535148855,0.31876833050064524,1000,0,Patient-clustered 95% CI (33 clusters)
Apnea-ECG,Common Held-Out Eval Subset,TabPFN (N=50),few_shot,50,33,16067,0.4755210022343645,0.3498756307299066,0.5989198487371445,0.374083385492258,0.22161386441694528,0.5618240162359629,0.4087434761007086,0.3231471041522395,0.49978886072947803,1000,0,Patient-clustered 95% CI (33 clusters)
Apnea-ECG,Common Held-Out Eval Subset,TabPFN (N=100),few_shot,100,33,16067,0.5178534760781651,0.3861069296196373,0.643355404506635,0.4027905657486531,0.2345765199165745,0.5938557845014678,0.4027270796437186,0.31271368827547713,0.49325229693089906,1000,0,Patient-clustered 95% CI (33 clusters)
SLPDB,Common Held-Out Eval Subset,TabPFN,zero_shot,0,1,135,0.4384101941747572,,,0.2410146151463741,,,0.2137597378895494,,,0,0,Inter-subject CI unestimable (N=1 test subject)
SLPDB,Common Held-Out Eval Subset,TabPFN (N=50),few_shot,50,1,135,0.3361650485436893,,,0.2140671499859516,,,0.3172828763372129,,,0,0,Inter-subject CI unestimable (N=1 test subject)
SLPDB,Common Held-Out Eval Subset,TabPFN (N=100),few_shot,100,1,135,0.3853155339805825,,,0.2192221146891643,,,0.3900760510570988,,,0,0,Inter-subject CI unestimable (N=1 test subject)
